{
    "foo": 14.526128648378482,
    "bar": 14.336230835115842,
    "step": 14
}