{
    "foo": 1.5201924559693563,
    "bar": 1.3873926830446646,
    "step": 1
}