{
    "foo": 14.981438199012112,
    "bar": 14.473261416388002,
    "step": 14
}