{
    "foo": 14.59407230740456,
    "bar": 14.14160676283367,
    "step": 14
}