{
    "foo": 14.035727799959894,
    "bar": 14.611657698792678,
    "step": 14
}