{
    "foo": 14.896767851526572,
    "bar": 14.372353665996677,
    "step": 14
}