step	accuracy
0	0.82
1	0.8249140461691586
2	0.8263714841054131
3	0.8280754312643399
4	0.8449688358672117
5	0.8529269486431332
6	0.8706652981978014
7	0.8808760767041947
8	0.8933315440106782
9	0.9111014583406628
10	0.9250352195155022
11	0.9397244999051713
12	0.9527442573778208
13	0.9540177933676701
14	0.9573404925100836
