step	accuracy
0	0.82
1	0.8312703036569122
2	0.8501849178882345
3	0.8606802952261942
4	0.8652350278617227
5	0.8775614027801792
6	0.8828221252578373
7	0.8960580082653724
8	0.910982076905013
9	0.9242279503744469
10	0.9266660131587896
11	0.9313305204681774
12	0.9455650918793742
13	0.9565956817841565
14	0.9662535842099745
