step	accuracy
0	0.8550784542045221
1	0.8653318619148711
2	0.8821877833695568
3	0.8854034984729504
4	0.9013225709705426
5	0.9127270415920316
6	0.9321090242303374
7	0.9511441132992312
8	0.9526928179894553
9	0.9639495097022311
10	0.9721839816962651
11	0.9842157543779141
12	0.9987777927608397
13	1.008592235020062
