step	accuracy
0	0.8596396445512313
1	0.8691467992397484
2	0.8755750330952659
3	0.8951106914918858
4	0.9129981630426989
5	0.931612534196825
6	0.9444677276121826
7	0.9544103723473166
8	0.9618908949018202
9	0.9781247890393888
