step	accuracy
0	0.8591130227094718
1	0.8682499171602912
2	0.8780062774547023
3	0.8873327631129365
4	0.8972820836816449
5	0.9070995211437995
6	0.9162771282652747
7	0.9260115512623283
8	0.9359728640391074
9	0.9453540786590909
