step	accuracy
0	0.8529256754839257
1	0.8683996387729267
2	0.8742400461696181
3	0.8753101952417022
4	0.8887759539798328
5	0.890256138841198
6	0.8917329500552218
7	0.9072907888320143
8	0.9103560644870485
9	0.928436455501245
10	0.9322418401170076
11	0.9411526100208232
12	0.945165706057404
13	0.9646861243866465
14	0.9729916646550967
