step	accuracy
0	0.84
1	0.8669282581571015
2	0.8890313872645546
3	0.9176799826505606
4	0.9426488283540535
5	0.9685301451653104
6	0.9828481950127359
7	0.9864167956979489
8	0.9807341775975729
9	0.9819682550943627
10	0.9822229018814185
11	0.9893539808972892
12	0.9810233068852589
13	0.9852352176039788
14	0.9840784339802445
