step	accuracy
0	0.8683433020088366
1	0.8805037016746182
2	0.8968346463084794
3	0.8987967533948326
4	0.9147715941114042
5	0.9283348867233481
6	0.9395036219867341
7	0.9552295264163604
8	0.9678060559359152
9	0.9713123692804693
10	0.9859925754934813
11	0.9961179472306759
12	1.0107689266743591
13	1.0238554933438602
14	1.041135366181899
