step	accuracy
0	0.82
1	0.8382875864974176
2	0.8472512031157318
3	0.8597171710425531
4	0.870416214956565
5	0.8863813928160801
6	0.8924579647123404
7	0.9084892954084959
8	0.9164526216146212
9	0.9249915389255373
