step	bar
0	0.1807480875493057
1	1.3816654041283245
2	2.636469230483898
3	3.265192127589918
4	4.5209124629834445
5	5.188668627748618
6	6.217219465878786
7	7.743313104939746
8	8.846750659096621
9	9.898772627890063
10	10.69074203724469
11	11.528676033911813
12	12.271716934888062
13	13.57677844405122
14	14.372353665996677
