step	bar
0	0.6331722455595525
1	1.6745716670437383
2	2.4200291095611575
3	3.283776383221334
4	4.650081841772856
5	5.251492415774608
6	6.671371366287364
7	7.76026834423652
8	8.117806998644225
9	9.781308626883524
10	10.707625836329337
11	11.602763815962978
12	12.889145379282795
13	13.650830483982899
14	14.336230835115842
