step	bar
0	0.13769783756538345
1	1.3873926830446646
