step	bar
0	0.5659863451822406
1	1.1530169192065558
2	2.308883231026911
3	3.6964614884848253
4	4.052976177894448
5	5.7804996174306975
6	6.6289202465307815
7	7.666717864886863
8	8.455604741009243
9	9.957167150312781
10	10.98971798344653
11	11.384155998348538
12	12.15639234525571
13	13.100443890370816
14	14.473261416388002
