step	bar
0	0.7523212209446297
1	1.8835371354390462
2	2.741338511099351
3	3.237003887388873
4	4.140125405755817
5	5.564994643545703
6	6.678774123025907
7	7.4408719844326665
8	8.23832075587683
9	9.663414916919148
10	10.49971126913922
11	11.081206061174157
12	12.77582982639782
13	13.475667855659118
14	14.14160676283367
