step	bar
0	0.09915510533698146
1	1.2640174628842713
2	2.102782308459081
3	3.412065549334005
4	4.747664750946306
5	5.869871849355467
6	6.887823892229021
7	7.71508580595616
8	8.597574133672854
9	9.79437675873682
10	10.879241187901842
11	11.961226300389704
12	12.634047166784258
13	13.06079228009644
14	14.611657698792678
