step	foo
0	0.2484839451883485
1	1.8180836099496824
2	2.917338350124906
3	3.227293105131326
4	4.485373444430888
5	5.1285834009808475
6	6.70950874595852
7	7.308372498401649
8	8.219953025003711
9	9.314368698783646
10	10.77215064072361
11	11.166894196878973
12	12.503024592784204
13	13.526467588767831
14	14.59407230740456
