step	foo
0	0.19288914635136678
1	1.4347823091146852
2	2.7458846556883842
3	3.4404009590665816
4	4.181932850450529
5	5.8573235684193925
6	6.8943408774526445
7	7.132479168259405
8	8.695568218319051
9	9.137602811456992
10	10.565050901344923
11	11.169157197500574
12	12.546612518262775
13	13.034945092601374
14	14.981438199012112
