step	foo
0	0.40025348927447724
1	1.317496703806273
2	2.8106743065269257
3	3.8312011287241097
4	4.490716474003362
5	5.02191551210045
6	6.9582262661722645
7	7.646797440596966
8	8.094595016076713
9	9.01321048096935
10	10.237135038131685
11	11.97742252604361
12	12.325297584007595
13	13.774994634526035
14	14.526128648378482
