step	foo
0	0.050805412083302914
1	1.832783588632608
2	2.151475856649789
3	3.6550364680519554
4	4.73147579687767
5	5.774206363694171
6	6.493134542092104
7	7.967062741249163
8	8.345160013850819
9	9.383873609836883
10	10.798892271301444
11	11.807257943833264
12	12.871679599003478
13	13.737453016336456
14	14.035727799959894
