step	foo
0	0.6019333663988753
1	1.5201924559693563
