step	foo
0	0.26089292868547453
1	1.8825215974745828
2	2.2162530084175156
3	3.5291523187202807
4	4.438147206180811
5	5.959063664661653
6	6.592014604771982
7	7.636885163925867
8	8.54428242068625
9	9.392662423676132
10	10.555892526788531
11	11.542210197421003
12	12.119637653674642
13	13.944966862068922
14	14.896767851526572
